"Rank","Name","Ticker","Market Cap","Price","Change","Country"
"124","Netflix","NFLX","$387.93 B","$907.55","1.80%","USA"
"11","Berkshire Hathaway","BRK-B","$983.86 B","$456.51","0.56%","USA"
"14","JPMorgan Chase","JPM","$678.97 B","$241.17","0.81%","USA"
"123","Home Depot","HD","$390.25 B","$392.86","0.58%","USA"
"130","AbbVie","ABBV","$314.56 B","$178.01","0.66%","USA"
"5","Amazon","AMZN","$2.352 T","$223.75","1.45%","USA"
"20","Exxon Mobil","XOM","$467.98 B","$106.48","0.01%","USA"
"21","Costco","COST","$417.13 B","$939.70","1.72%","USA"
"7","Meta Platforms (Facebook)","META","$1.514 T","$599.81","0.59%","USA"
"12","Walmart","WMT","$736.34 B","$91.66","1.22%","USA"
"1","Apple","AAPL","$3.863 T","$255.59","1.32%","USA"
"22","Procter & Gamble","PG","$399.24 B","$169.53","0.37%","USA"
"4","Alphabet (Google)","GOOG","$2.365 T","$194.04","1.55%","USA"
"129","Salesforce","CRM","$323.89 B","$338.45","0.96%","USA"
"8","Tesla","TSLA","$1.385 T","$431.66","4.95%","USA"
"127","Bank of America","BAC","$340.21 B","$44.34","0.47%","USA"
"15","Visa","V","$617.07 B","$318.66","0.70%","USA"
"10","TSMC","TSM","$1.045 T","$201.63","0.70%","Taiwan"
"126","Johnson & Johnson","JNJ","$349.22 B","$145.05","0.36%","USA"
"17","Mastercard","MA","$488.46 B","$532.20","0.74%","USA"
"725","Novo Nordisk","NVO","$384.05 B","$87.37","0.32%","Denmark"
"2","NVIDIA","NVDA","$3.355 T","$137.01","2.09%","USA"
"18","Oracle","ORCL","$472.57 B","$168.96","1.58%","USA"
"13","Eli Lilly","LLY","$704.31 B","$783.17","1.38%","USA"
"19","UnitedHealth","UNH","$469.33 B","$509.99","0.23%","USA"
"3","Microsoft","MSFT","$3.200 T","$430.53","1.73%","USA"
"9","Broadcom","AVGO","$1.133 T","$241.75","1.47%","USA"
"45","Wells Fargo","WFC","$236.76 B","$71.11","0.91%","USA"
"132","SAP","SAP","$291.79 B","$250.15","1.33%","Germany"
"38","Chevron","CVX","$256.74 B","$144.00","0.01%","USA"
"140","Merck","MRK","$252.20 B","$99.70","0.17%","USA"
"44","Cisco","CSCO","$237.41 B","$59.61","0.62%","USA"
"34","Coca-Cola","KO","$269.02 B","$62.45","0.19%","USA"
"37","T-Mobile US","TMUS","$258.81 B","$223.02","0.30%","USA"
"147","ServiceNow","NOW","$223.12 B","$1,081","1.61%","USA"
"33","ASML","ASML","$280.61 B","$713.59","0.32%","Netherlands"
"152","American Express","AXP","$212.07 B","$301.05","0.97%","USA"
"54","McDonald","MCD","$210.41 B","$293.62","0.40%","USA"
"156","IBM","IBM","$205.99 B","$222.78","0.94%","USA"
"148","Accenture","ACN","$222.78 B","$356.18","1.18%","Ireland"
"35","Toyota","TM","$264.94 B","$199.52","1.09%","Japan"
"157","AstraZeneca","AZN","$205.44 B","$66.26","0.39%","UK"
"55","Pepsico","PEP","$209.76 B","$152.89","0.30%","USA"
"460","Alibaba","BABA","$202.57 B","$85.06","1.18%","China"
"259","AMD","AMD","$203.15 B","$125.19","0.10%","USA"
"166","Novartis","NVS","$196.70 B","$98.39","0.01%","Switzerland"
"163","Thermo Fisher Scientific","TMO","$201.22 B","$526.07","0.21%","USA"
"174","Goldman Sachs","GS","$180.86 B","$576.18","0.87%","USA"
"173","General Electric","GE","$184.07 B","$170.08","1.04%","USA"
"72","Shell","SHEL","$187.50 B","$61.69","0.54%","UK"
"62","Linde","LIN","$201.40 B","$422.98","0.32%","UK"
"82","Texas Instruments","TXN","$174.39 B","$191.18","0.29%","USA"
"88","AT&T","T","$164.02 B","$22.86","0.44%","USA"
"167","Adobe","ADBE","$196.54 B","$446.48","0.82%","USA"
"158","Morgan Stanley","MS","$204.21 B","$126.76","0.99%","USA"
"275","Palantir","PLTR","$180.14 B","$79.08","3.73%","USA"
"190","BlackRock","BLK","$161.72 B","$1,044","0.96%","USA"
"286","Booking Holdings (Booking.com)","BKNG","$166.72 B","$5,037","1.15%","USA"
"83","Royal Bank Of Canada","RY","$170.98 B","$120.88","0.17%","Canada"
"178","HSBC","HSBC","$176.71 B","$49.29","0.06%","UK"
"184","Verizon","VZ","$168.04 B","$39.92","0.10%","USA"
"185","Danaher","DHR","$166.91 B","$231.10","0.04%","USA"
"87","HDFC Bank","HDB","$164.68 B","$64.60","0.26%","India"
"93","S&P Global","SPGI","$155.70 B","$501.80","0.59%","USA"
"76","Intuit","INTU","$178.74 B","$638.57","1.18%","USA"
"15295","Fomento Económico Mexicano","FMX","$154.89 B","$87.28","0.58%","Mexico"
"2100","Nextera Energy","NEE","$148.28 B","$72.11","0.36%","USA"
"197","Pfizer","PFE","$150.85 B","$26.62","0.23%","USA"
"299","Honeywell","HON","$149.23 B","$229.51","1.01%","USA"
"94","Raytheon Technologies","RTX","$155.34 B","$116.71","0.28%","USA"
"170","Intuitive Surgical","ISRG","$190.51 B","$534.88","0.73%","USA"
"1104","Shopify","SHOP","$141.22 B","$108.18","1.62%","Canada"
"2106","Amgen","AMGN","$141.18 B","$262.65","0.20%","USA"
"1101","Comcast","CMCSA","$145.14 B","$37.93","0.84%","USA"
"2108","Lowe's Companies","LOW","$140.22 B","$248.34","0.44%","USA"
"3105","Progressive","PGR","$141.19 B","$241.02","0.89%","USA"
"2103","Unilever","UL","$142.10 B","$57.46","0.10%","UK"
"1102","Arista Networks","ANET","$142.39 B","$113.03","1.59%","USA"
"2114","Arm Holdings","ARM","$135.78 B","$129.20","0.38%","UK"
"161","Walt Disney","DIS","$202.01 B","$111.55","0.89%","USA"
"80","Caterpillar","CAT","$176.15 B","$364.86","0.62%","USA"
"6116","Mitsubishi UFJ Financial","MUFG","$135.63 B","$11.65","0.09%","Japan"
"2112","KKR & Co.","KKR","$138.29 B","$149.86","1.74%","USA"
"1110","Union Pacific Corporation","UNP","$139.39 B","$229.93","0.13%","USA"
"2111","TJX Companies","TJX","$139.32 B","$123.94","0.86%","USA"
"115","Applied Materials","AMAT","$135.74 B","$166.83","0.43%","USA"
"121","Citigroup","C","$134.27 B","$71.00","0.49%","USA"
"3122","Boston Scientific","BSX","$133.61 B","$90.66","0.86%","USA"
"1113","Charles Schwab","SCHW","$136.81 B","$74.74","0.41%","USA"
"5123","Eaton","ETN","$132.24 B","$334.63","1.63%","Ireland"
"132","Sanofi","SNY","$122.17 B","$48.73","0.62%","France"
"2109","Stryker Corporation","SYK","$139.94 B","$367.11","0.63%","USA"
"4133","Palo Alto Networks","PANW","$122.17 B","$186.18","1.23%","USA"
"1129","BHP Group","BHP","$124.52 B","$49.21","0.28%","Australia"
"1128","ConocoPhillips","COP","$125.37 B","$96.92","0.03%","USA"
"131","TotalEnergies","TTE","$122.69 B","$54.52","0.26%","France"
"124","Sony","SONY","$129.92 B","$21.46","1.32%","Japan"
"2125","Uber","UBER","$128.72 B","$61.13","0.70%","USA"
"5118","Pinduoduo","PDD","$135.33 B","$97.45","1.44%","China"
"1119","Boeing","BA","$135.21 B","$180.72","0.19%","USA"
"1134","Automatic Data Processing","ADP","$120.68 B","$296.18","0.35%","USA"
"3141","Deere & Company","DE","$116.79 B","$430.06","0.87%","USA"
"1140","Bristol-Myers Squibb","BMY","$116.98 B","$57.68","0.55%","USA"
"3138","Fiserv","FI","$118.30 B","$207.95","1.11%","USA"
"1144","Nike","NKE","$113.75 B","$76.42","0.68%","USA"
"171","Philip Morris","PM","$188.83 B","$121.45","0.21%","USA"
"81","QUALCOMM","QCOM","$174.69 B","$157.24","0.81%","USA"
"1139","Gilead Sciences","GILD","$117.28 B","$94.11","0.32%","USA"
"2127","Blackstone Group","BX","$125.63 B","$174.01","1.39%","USA"
"2155","Analog Devices","ADI","$107.69 B","$216.99","0.49%","USA"
"161","Starbucks","SBUX","$104.59 B","$92.25","0.42%","USA"
"2157","ICICI Bank","IBN","$107.50 B","$30.46","0.16%","India"
"2159","Vertex Pharmaceuticals","VRTX","$105.26 B","$408.76","0.46%","USA"
"2143","Lockheed Martin","LMT","$115.90 B","$488.97","0.21%","USA"
"4156","United Parcel Service","UPS","$107.61 B","$126.11","0.20%","USA"
"3147","AppLovin","APP","$112.48 B","$335.17","3.33%","USA"
"1149","Chubb","CB","$111.93 B","$277.68","0.21%","Switzerland"
"2160","Marsh & McLennan Companies","MMC","$104.83 B","$213.47","0.34%","USA"
"2166","Anheuser-Busch Inbev","BUD","$99.19 B","$50.37","0.00%","Belgium"
"4169","Marvell Technology Group","MRVL","$98.31 B","$113.62","1.81%","USA"
"2184","Enbridge","ENB","$91.20 B","$41.82","0.05%","Canada"
"5181","GE Vernova","GEV","$92.01 B","$333.80","2.70%","USA"
"1176","Sumitomo Mitsui Financial Group","SMFG","$94.00 B","$14.43","1.12%","Japan"
"1171","UBS","UBS","$97.76 B","$30.69","0.16%","Switzerland"
"2168","Micron Technology","MU","$98.74 B","$88.63","1.32%","USA"
"1190","Intel","INTC","$87.55 B","$20.30","0.68%","USA"
"3162","Medtronic","MDT","$103.53 B","$80.74","0.20%","Ireland"
"185","Southern Company","SO","$91.09 B","$83.14","0.36%","USA"
"3178","Infosys","INFY","$93.11 B","$22.48","0.71%","India"
"1179","Toronto Dominion Bank","TD","$93.08 B","$53.00","0.19%","Canada"
"1172","Prologis","PLD","$97.47 B","$105.24","1.54%","USA"
"1175","Lam Research","LRCX","$94.44 B","$73.40","0.80%","USA"
"65","Abbott Laboratories","ABT","$199.44 B","$114.99","0.24%","USA"
"2194","PayPal","PYPL","$87.08 B","$86.86","1.45%","USA"
"5186","Equinix","EQIX","$90.95 B","$942.66","0.60%","USA"
"1195","Sherwin-Williams","SHW","$86.45 B","$343.29","0.64%","USA"
"2180","Spotify","SPOT","$92.24 B","$456.48","0.33%","Sweden"
"2189","Altria Group","MO","$88.77 B","$52.38","0.42%","USA"
"4173","Apollo Global Management","APO","$96.34 B","$170.28","2.35%","USA"
"1174","Rio Tinto","RIO","$95.35 B","$59.01","0.41%","UK"
"6192","CrowdStrike","CRWD","$87.43 B","$354.99","2.76%","USA"
"2196","Moody's","MCO","$86.40 B","$476.76","0.92%","USA"
"197","Intercontinental Exchange","ICE","$86.31 B","$150.32","0.46%","USA"
"1199","KLA","KLAC","$86.24 B","$644.81","0.58%","USA"
"1204","American Tower","AMT","$84.98 B","$181.87","0.27%","USA"
"1206","RELX","RELX","$84.59 B","$45.58","0.61%","UK"
"2210","Duke Energy","DUK","$83.69 B","$108.34","0.03%","USA"
"211","Cadence Design Systems","CDNS","$83.65 B","$305.03","1.19%","USA"
"2201","Elevance Health","ELV","$86.05 B","$371.07","0.69%","USA"
"7208","CME Group","CME","$84.14 B","$233.50","0.04%","USA"
"12221","MicroStrategy","MSTR","$80.80 B","$330.00","3.24%","USA"
"2223","British American Tobacco","BTI","$80.01 B","$36.31","0.33%","UK"
"215","Parker-Hannifin","PH","$82.87 B","$643.81","1.17%","USA"
"3198","Brookfield Corporation","BN","$86.26 B","$57.19","1.16%","Canada"
"6216","Chipotle Mexican Grill","CMG","$82.81 B","$60.78","1.12%","USA"
"222","Mondelez","MDLZ","$80.51 B","$60.21","0.60%","USA"
"1217","Dell","DELL","$82.18 B","$117.33","1.63%","USA"
"202","Amphenol","APH","$85.28 B","$70.74","1.15%","USA"
"213","Airbnb","ABNB","$83.33 B","$133.38","1.43%","USA"
"2227","Regeneron Pharmaceuticals","REGN","$78.28 B","$712.40","0.60%","USA"
"1218","Waste Management","WM","$81.88 B","$204.02","0.49%","USA"
"226","Marriott International","MAR","$78.82 B","$283.66","1.01%","USA"
"3209","Trane Technologies","TT","$84.05 B","$373.53","1.19%","Ireland"
"231","Aon","AON","$77.93 B","$360.38","0.30%","UK"
"5232","Welltower","WELL","$77.83 B","$125.00","1.10%","USA"
"1233","Cigna","CI","$77.52 B","$278.71","1.02%","USA"
"4242","Illinois Tool Works","ITW","$75.75 B","$256.55","0.86%","USA"
"1191","MercadoLibre","MELI","$87.47 B","$1,725","0.42%","Argentina"
"3237","HCA Healthcare","HCA","$76.62 B","$302.52","0.08%","USA"
"14234","Petrobras","PBR","$77.50 B","$12.61","0.13%","Brazil"
"4240","Synopsys","SNPS","$75.88 B","$490.91","0.99%","USA"
"4244","Interactive Brokers","IBKR","$75.63 B","$179.00","1.17%","USA"
"228","Motorola Solutions","MSI","$78.10 B","$467.33","0.84%","USA"
"1236","PNC Financial Services","PNC","$76.69 B","$193.28","0.77%","USA"
"2235","Ferrari","RACE","$77.37 B","$432.15","0.09%","Italy"
"3248","Zoetis","ZTS","$74.26 B","$164.60","0.56%","USA"
"1238","BP","BP","$76.42 B","$28.96","0.38%","UK"
"3252","Fortinet","FTNT","$73.64 B","$96.08","1.24%","USA"
"4256","Thomson Reuters","TRI","$73.02 B","$162.00","0.47%","Canada"
"4250","Cintas","CTAS","$73.98 B","$183.37","0.95%","USA"
"3251","Southern Copper","SCCO","$73.67 B","$93.21","1.47%","USA"
"2246","Colgate-Palmolive","CL","$75.00 B","$91.81","0.61%","USA"
"253","McKesson","MCK","$73.19 B","$576.64","0.31%","USA"
"4263","Arthur J. Gallagher & Co.","AJG","$71.57 B","$286.54","0.63%","USA"
"1258","TransDigm","TDG","$72.58 B","$1,291","0.79%","USA"
"1262","Emerson","EMR","$71.59 B","$125.71","0.54%","USA"
"254","General Dynamics","GD","$73.18 B","$266.14","0.24%","USA"
"267","3M","MMM","$70.89 B","$130.18","0.76%","USA"
"243","U.S. Bancorp","USB","$75.64 B","$48.49","1.06%","USA"
"11280","O'Reilly Automotive","ORLY","$69.12 B","$1,197","0.78%","USA"
"278","GlaxoSmithKline","GSK","$69.53 B","$34.08","0.12%","UK"
"295","Becton Dickinson","BDX","$66.26 B","$228.49","0.16%","USA"
"2296","Energy Transfer Partners","ET","$66.01 B","$19.28","0.10%","USA"
"4268","Constellation Energy","CEG","$70.85 B","$226.54","0.92%","USA"
"2290","Ecolab","ECL","$67.32 B","$237.76","0.67%","USA"
"7273","DoorDash","DASH","$70.34 B","$169.34","0.72%","USA"
"9288","FedEx","FDX","$67.52 B","$280.36","0.61%","USA"
"5270","Workday","WDAY","$70.81 B","$266.24","1.17%","USA"
"1269","Bank of Montreal","BMO","$70.83 B","$97.05","0.04%","Canada"
"1291","Scotiabank","BNS","$66.90 B","$53.76","0.06%","Canada"
"272","Diageo","DEO","$70.51 B","$126.93","0.09%","UK"
"1284","Northrop Grumman","NOC","$68.67 B","$471.35","0.19%","USA"
"285","Canadian Pacific Railway","CP","$68.12 B","$72.56","0.61%","Canada"
"10294","Coinbase","COIN","$66.52 B","$265.71","3.17%","USA"
"4283","Capital One","COF","$68.75 B","$180.22","1.17%","USA"
"286","Santander","SAN","$68.06 B","$4.49","0.00%","Spain"
"7300","Atlassian","TEAM","$65.13 B","$250.11","1.62%","Australia"
"2287","EOG Resources","EOG","$67.71 B","$120.40","0.01%","USA"
"1298","Williams Companies","WMB","$65.75 B","$53.94","0.04%","USA"
"1301","Air Products and Chemicals","APD","$65.11 B","$292.81","0.77%","USA"
"2289","Enterprise Products","EPD","$67.34 B","$31.07","0.22%","USA"
"307","Canadian Natural Resources","CNQ","$64.06 B","$30.16","0.13%","Canada"
"4306","Autodesk","ADSK","$64.13 B","$297.59","0.90%","USA"
"304","Canadian National Railway","CNI","$64.41 B","$101.97","0.67%","Canada"
"1302","Simon Property Group","SPG","$64.58 B","$172.01","1.03%","USA"
"1312","CSX Corporation","CSX","$62.59 B","$32.46","0.18%","USA"
"308","Republic Services","RSG","$63.53 B","$202.88","0.60%","USA"
"2314","Sea (Garena)","SE","$62.44 B","$108.72","0.85%","Singapore"
"4310","Cement Roadstone Holding","CRH","$63.43 B","$93.58","1.13%","Ireland"
"5311","Equinor","EQNR","$62.93 B","$23.06","1.63%","Norway"
"6315","Target","TGT","$62.08 B","$135.50","0.65%","USA"
"2317","Carrier","CARR","$61.81 B","$68.90","1.06%","USA"
"3322","Hilton Worldwide","HLT","$60.93 B","$249.94","0.72%","USA"
"2325","Digital Realty","DLR","$60.23 B","$178.14","0.76%","USA"
"2316","Mizuho Financial Group","MFG","$62.02 B","$4.89","0.20%","Japan"
"4324","Kinder Morgan","KMI","$60.38 B","$27.18","0.26%","USA"
"3329","General Motors","GM","$59.68 B","$54.28","0.18%","USA"
"3327","The Trade Desk","TTD","$59.91 B","$121.39","1.68%","USA"
"4313","Royal Caribbean","RCL","$62.56 B","$232.71","1.90%","USA"
"5330","CIBC","CM","$59.26 B","$62.89","1.39%","Canada"
"1331","NetEase","NTES","$58.95 B","$91.48","0.90%","China"
"1332","Oneok","OKE","$58.91 B","$100.83","0.41%","USA"
"4333","National Grid","NGG","$58.24 B","$59.31","0.66%","UK"
"1341","MetLife","MET","$56.95 B","$82.25","0.60%","USA"
"7342","Jingdong Mall","JD","$56.79 B","$34.98","3.18%","China"
"2345","Copart","CPRT","$56.32 B","$58.46","1.03%","USA"
"344","BNY Mellon (Bank of New York Mellon)","BK","$56.39 B","$77.57","1.00%","USA"
"2347","Roper Technologies","ROP","$56.17 B","$523.91","0.63%","USA"
"1361","AutoZone","AZO","$54.40 B","$3,242","0.01%","USA"
"346","Ares Management","ARES","$56.19 B","$179.50","1.76%","USA"
"1350","Freeport-McMoRan","FCX","$55.83 B","$38.86","0.84%","USA"
"339","Aflac","AFL","$57.43 B","$103.38","0.27%","USA"
"4348","CVS Health","CVS","$55.98 B","$44.49","0.96%","USA"
"336","Truist Financial","TFC","$57.97 B","$43.67","0.75%","USA"
"1352","Banco Bilbao Vizcaya Argentaria","BBVA","$55.73 B","$9.69","0.82%","Spain"
"1353","Sempra Energy","SRE","$55.59 B","$87.77","0.18%","USA"
"6356","Block","SQ","$55.14 B","$88.97","2.74%","USA"
"3359","The Travelers Companies","TRV","$54.80 B","$241.41","0.95%","USA"
"1362","NXP Semiconductors","NXPI","$54.32 B","$213.76","0.60%","Netherlands"
"1368","Manulife Financial","MFC","$53.43 B","$30.69","0.49%","Canada"
"6369","Schlumberger","SLB","$53.37 B","$37.80","0.19%","USA"
"2385","Allstate","ALL","$51.31 B","$193.80","0.93%","USA"
"358","Paccar","PCAR","$54.82 B","$104.57","0.82%","USA"
"7373","Norfolk Southern","NSC","$53.22 B","$235.25","0.81%","USA"
"2380","Public Storage","PSA","$52.22 B","$298.10","1.07%","USA"
"7378","Snowflake","SNOW","$52.36 B","$158.65","2.95%","USA"
"1382","Ameriprise Financial","AMP","$51.99 B","$535.95","1.19%","USA"
"2390","Ross Stores","ROST","$50.46 B","$152.96","0.59%","USA"
"5381","W. W. Grainger","GWW","$52.05 B","$1,069","1.26%","USA"
"6374","Johnson Controls","JCI","$52.85 B","$79.82","1.27%","Ireland"
"7395","FICO","FICO","$49.60 B","$2,037","1.23%","USA"
"1387","Monster Beverage","MNST","$51.10 B","$52.55","0.23%","USA"
"6396","Datadog","DDOG","$49.59 B","$145.99","1.06%","USA"
"1388","Paychex","PAYX","$50.86 B","$141.27","0.96%","USA"
"1394","Nu Holdings","NU","$49.65 B","$10.33","0.29%","Brazil"
"6397","Charter Communications","CHTR","$49.57 B","$348.65","0.89%","USA"
"5406","TC Energy","TRP","$48.28 B","$46.26","0.37%","Canada"
"2407","Cummins","CMI","$48.17 B","$351.15","0.85%","USA"
"5401","ING","ING","$48.47 B","$15.63","0.32%","Netherlands"
"1408","Barclays","BCS","$47.80 B","$13.28","1.12%","UK"
"2410","Quanta Services","PWR","$47.69 B","$323.14","2.26%","USA"
"4411","Vistra","VST","$47.52 B","$139.68","3.07%","USA"
"4403","MPLX","MPLX","$48.37 B","$47.48","0.34%","USA"
"1398","American Electric Power","AEP","$49.26 B","$92.51","0.49%","USA"
"1416","lululemon athletica","LULU","$47.09 B","$386.67","0.22%","Canada"
"3421","Phillips 66","PSX","$46.49 B","$112.59","0.35%","USA"
"2423","Realty Income","O","$46.08 B","$52.66","0.77%","USA"
"3422","Diamondback Energy","FANG","$46.23 B","$158.34","0.20%","USA"
"2417","United Rentals","URI","$47.02 B","$716.54","1.32%","USA"
"1429","American International Group","AIG","$45.53 B","$73.00","0.46%","USA"
"5413","Cheniere Energy","LNG","$47.22 B","$210.48","0.10%","USA"
"12426","Trip.com","TCOM","$45.96 B","$70.59","3.38%","China"
"7420","Axon Enterprise","AXON","$46.59 B","$610.98","2.06%","USA"
"427","Itaú Unibanco","ITUB","$45.56 B","$4.98","0.40%","Brazil"
"4419","Flutter Entertainment","FLUT","$46.59 B","$261.80","0.97%","Ireland"
"4430","Dominion Energy","D","$45.30 B","$53.93","0.41%","USA"
"3409","MSCI","MSCI","$47.77 B","$609.59","0.23%","USA"
"13442","America Movil","AMX","$44.28 B","$14.51","0.83%","Mexico"
"2433","Howmet Aerospace","HWM","$45.18 B","$111.23","1.16%","USA"
"9437","Honda","HMC","$44.87 B","$28.76","1.37%","Japan"
"2434","Kroger","KR","$45.10 B","$62.34","0.67%","USA"
"3436","D. R. Horton","DHI","$45.00 B","$140.28","0.84%","USA"
"4435","Nasdaq","NDAQ","$45.07 B","$78.42","0.88%","USA"
"3447","Kimberly-Clark","KMB","$43.95 B","$131.80","1.00%","USA"
"1440","Suncor Energy","SU","$44.44 B","$35.26","0.28%","Canada"
"4428","Occidental Petroleum","OXY","$45.56 B","$48.56","0.75%","USA"
"3451","Cencora","COR","$43.86 B","$226.93","0.15%","USA"
"3450","Discover Financial Services","DFS","$43.86 B","$174.60","1.31%","USA"
"5455","Marathon Petroleum","MPC","$43.60 B","$135.67","0.21%","USA"
"7457","Haleon","HLN","$43.58 B","$9.64","1.03%","UK"
"6449","Fidelity National Information Services","FIS","$43.92 B","$81.60","0.80%","USA"
"4453","Keurig Dr Pepper","KDP","$43.77 B","$32.27","0.12%","USA"
"1444","Pacific Gas and Electric","PCG","$44.17 B","$20.14","0.35%","USA"
"439","Edwards Lifesciences","EW","$44.61 B","$75.65","0.36%","USA"
"1459","TE Connectivity","TEL","$43.37 B","$144.98","0.90%","Switzerland"
"471","Alcon","ALC","$42.36 B","$85.65","0.75%","Switzerland"
"3443","Waste Connections","WCN","$44.18 B","$171.27","0.32%","USA"
"12464","Newmont","NEM","$43.07 B","$37.84","0.66%","USA"
"24462","Vertiv Holdings","VRT","$43.20 B","$115.11","3.17%","USA"
"5479","ENI","E","$41.59 B","$26.95","1.28%","Italy"
"4473","Ametek","AME","$42.20 B","$182.45","0.69%","USA"
"12475","Fastenal","FAST","$41.82 B","$73.02","1.89%","USA"
"3488","Corning","GLW","$40.90 B","$47.78","0.44%","USA"
"3483","Kenvue","KVUE","$41.27 B","$21.53","0.87%","USA"
"2470","Prudential Financial","PRU","$42.37 B","$119.06","0.84%","USA"
"4474","Takeda Pharmaceutical","TAK","$42.10 B","$13.27","0.99%","Japan"
"5472","PSEG","PEG","$42.31 B","$84.93","0.55%","USA"
"7496","Constellation Brands","STZ","$40.44 B","$222.71","0.70%","USA"
"7490","NatWest Group","NWG","$40.80 B","$10.16","0.97%","UK"
"3495","Coupang","CPNG","$40.51 B","$22.52","1.31%","USA"
"8494","Lloyds Banking Group","LYG","$40.52 B","$2.70","1.82%","UK"
"7499","Baker Hughes","BKR","$40.37 B","$40.80","0.20%","USA"
"4507","CBRE Group","CBRE","$39.97 B","$130.63","1.04%","USA"
"2514","Corteva","CTVA","$39.34 B","$57.24","0.33%","USA"
"6510","Delta Air Lines","DAL","$39.52 B","$61.26","1.83%","USA"
"1508","Ford","F","$39.86 B","$10.03","0.40%","USA"
"7505","Garmin","GRMN","$40.20 B","$209.36","0.62%","Switzerland"
"1504","Hess","HES","$40.23 B","$130.58","0.08%","USA"
"516","Cognizant Technology Solutions","CTSH","$39.26 B","$79.20","0.86%","USA"
"511","Agnico Eagle Mines","AEM","$39.44 B","$78.65","0.46%","Canada"
"1519","Xcel Energy","XEL","$39.12 B","$68.14","0.06%","USA"
"9503","L3Harris Technologies","LHX","$40.27 B","$212.37","0.57%","USA"
"513","Crown Castle","CCI","$39.35 B","$90.56","0.64%","USA"
"3518","Verisk Analytics","VRSK","$39.15 B","$277.30","0.39%","USA"
"1523","Electronic Arts","EA","$38.84 B","$148.12","0.64%","USA"
"3524","Agilent Technologies","A","$38.70 B","$135.54","0.21%","USA"
"5521","Roblox","RBLX","$39.01 B","$59.45","0.80%","USA"
"2525","Targa Resources","TRGP","$38.67 B","$177.36","0.30%","USA"
"1529","Old Dominion Freight Line","ODFL","$38.47 B","$180.23","0.67%","USA"
"9540","Cloudflare","NET","$37.96 B","$110.61","1.78%","USA"
"8542","Valero Energy","VLO","$37.85 B","$119.58","0.08%","USA"
"6545","Yum! Brands","YUM","$37.73 B","$135.23","0.57%","USA"
"9535","Wipro","WIT","$38.16 B","$3.65","1.11%","India"
"4550","Stellantis","STLA","$37.50 B","$13.07","0.38%","Netherlands"
"4547","Exelon Corporation","EXC","$37.61 B","$37.43","0.05%","USA"
"2536","Vale","VALE","$38.07 B","$8.92","0.45%","Brazil"
"548","Las Vegas Sands","LVS","$37.59 B","$51.86","0.21%","USA"
"7549","Gartner","IT","$37.56 B","$486.96","0.46%","USA"
"7544","Sysco","SYY","$37.79 B","$76.95","0.47%","USA"
"2555","Ingersoll Rand","IR","$36.90 B","$91.57","0.77%","Ireland"
"3557","HubSpot","HUBS","$36.55 B","$708.16","2.28%","USA"
"3552","Otis Worldwide","OTIS","$37.35 B","$93.52","0.67%","USA"
"4551","Argenx","ARGX","$37.45 B","$626.31","0.91%","Netherlands"
"3553","Kraft Heinz","KHC","$37.09 B","$30.68","0.43%","USA"
"560","IQVIA","IQV","$36.18 B","$199.39","0.43%","USA"
"1577","Vulcan Materials","VMC","$34.64 B","$262.36","0.83%","USA"
"1576","Arch Capital","ACGL","$34.74 B","$92.34","0.63%","Bermuda"
"3569","Blue Owl Capital","OWL","$35.26 B","$23.61","1.71%","USA"
"3570","Coca-Cola European Partners","CCEP","$35.25 B","$76.48","0.04%","UK"
"2588","Sun Life Financial","SLF","$34.22 B","$59.48","0.08%","Canada"
"9572","Ferguson","FERG","$35.14 B","$175.14","1.55%","UK"
"1591","IDEXX Laboratories","IDXX","$33.97 B","$414.93","0.52%","USA"
"1558","GE HealthCare Technologies","GEHC","$36.32 B","$79.51","0.25%","USA"
"2575","Veeva Systems","VEEV","$34.74 B","$214.01","0.40%","USA"
"2554","Lennar","LEN","$37.08 B","$137.19","1.05%","USA"
"5574","The Hershey Company","HSY","$34.75 B","$171.76","0.93%","USA"
"585","ResMed","RMD","$34.22 B","$233.18","0.30%","USA"
"1571","General Mills","GIS","$35.25 B","$63.95","0.30%","USA"
"2600","Rockwell Automation","ROK","$32.83 B","$290.50","1.15%","USA"
"594","Deutsche Bank","DB","$33.39 B","$17.18","0.23%","Germany"
"599","Wabtec","WAB","$33.00 B","$192.00","0.96%","USA"
"6601","Carnival Corporation","CCL","$32.80 B","$25.08","2.26%","USA"
"3604","Extra Space Storage","EXR","$32.66 B","$148.09","1.01%","USA"
"3608","Entergy","ETR","$32.48 B","$75.76","0.24%","USA"
"3610","Martin Marietta","MLM","$32.32 B","$528.84","0.60%","USA"
"4602","United Airlines Holdings","UAL","$32.77 B","$99.65","1.21%","USA"
"2615","Raymond James","RJF","$32.01 B","$156.92","1.13%","USA"
"2616","The Hartford","HIG","$31.91 B","$110.11","0.78%","USA"
"2621","Deckers Brands","DECK","$31.46 B","$207.11","1.11%","USA"
"5603","Take 2 Interactive","TTWO","$32.74 B","$186.43","0.39%","USA"
"4622","AvalonBay Communities","AVB","$31.45 B","$221.18","0.95%","USA"
"6618","Equifax","EFX","$31.72 B","$255.98","1.09%","USA"
"580","Robinhood","HOOD","$34.49 B","$39.02","3.37%","USA"
"4614","Dupont De Nemours","DD","$32.02 B","$76.63","0.79%","USA"
"1617","Willis Towers Watson","WTW","$31.86 B","$316.31","0.49%","UK"
"3627","M&T Bank","MTB","$31.39 B","$189.23","0.94%","USA"
"4640","Edison International","EIX","$30.89 B","$79.79","0.27%","USA"
"11645","Alnylam Pharmaceuticals","ALNY","$30.69 B","$237.97","1.87%","USA"
"4632","HP","HPQ","$31.20 B","$33.28","0.45%","USA"
"4628","DexCom","DXCM","$31.34 B","$80.24","0.41%","USA"
"629","Microchip Technology","MCHP","$31.32 B","$58.34","0.22%","USA"
"3636","Consolidated Edison","ED","$31.02 B","$89.56","0.03%","USA"
"4642","Humana","HUM","$30.78 B","$255.64","0.20%","USA"
"643","Iron Mountain","IRM","$30.73 B","$104.72","0.96%","USA"
"13652","Reddit","RDDT","$30.46 B","$173.54","1.81%","USA"
"15646","Ambev","ABEV","$30.68 B","$1.87","1.06%","Brazil"
"4649","Centene","CNC","$30.59 B","$60.60","0.51%","USA"
"6651","VICI Properties","VICI","$30.50 B","$28.94","0.65%","USA"
"6666","Monolithic Power Systems","MPWR","$29.88 B","$612.70","1.15%","USA"
"6654","Live Nation","LYV","$30.40 B","$131.85","1.12%","USA"
"7662","eBay","EBAY","$30.08 B","$62.81","1.57%","USA"
"6672","CoStar Group","CSGP","$29.60 B","$72.22","1.20%","USA"
"20657","Baidu","BIDU","$30.30 B","$86.60","1.87%","China"
"2670","Ansys","ANSS","$29.70 B","$339.70","0.13%","USA"
"10685","HEICO","HEI","$29.10 B","$240.94","0.16%","USA"
"4683","Tractor Supply","TSCO","$29.14 B","$54.56","1.68%","USA"
"1679","Tradeweb","TW","$29.44 B","$134.93","0.35%","USA"
"3664","WEC Energy Group","WEC","$29.99 B","$94.82","0.05%","USA"
"7678","Chunghwa Telecom","CHT","$29.44 B","$37.96","0.05%","Taiwan"
"2696","Cardinal Health","CAH","$28.83 B","$119.14","0.05%","USA"
"5674","Restaurant Brands International","QSR","$29.53 B","$65.54","0.46%","Canada"
"6695","Banco Santander Brasil","BSBR","$28.87 B","$3.87","0.26%","Brazil"
"1700","Global Payments","GPN","$28.59 B","$112.35","1.24%","USA"
"692","State Street Corporation","STT","$28.89 B","$98.58","0.98%","USA"
"3706","Smurfit Westrock","SW","$28.27 B","$54.35","0.37%","Ireland"
"1712","Equity Residential","EQR","$27.99 B","$71.58","1.09%","USA"
"2704","Hewlett Packard Enterprise","HPE","$28.47 B","$21.65","1.72%","USA"
"2710","Dow","DOW","$28.02 B","$40.03","0.47%","USA"
"3708","ON Semiconductor","ON","$28.10 B","$66.01","1.51%","USA"
"7699","Woodside Energy","WDS","$28.72 B","$15.12","0.33%","Australia"
"4714","Kellogg's","K","$27.97 B","$81.17","0.07%","USA"
"10701","GoDaddy","GDDY","$28.56 B","$203.45","1.33%","USA"
"1707","Keysight","KEYS","$28.21 B","$162.91","1.04%","USA"
"2702","Xylem","XYL","$28.55 B","$117.53","0.79%","USA"
"716","PPG Industries","PPG","$27.92 B","$120.38","0.70%","USA"
"2705","Zscaler","ZS","$28.31 B","$184.56","1.64%","USA"
"1723","BioNTech","BNTX","$27.31 B","$113.95","0.16%","Germany"
"4703","Fifth Third Bank","FITB","$28.48 B","$42.90","0.81%","USA"
"3722","Barrick Gold","GOLD","$27.40 B","$15.68","0.38%","Canada"
"4719","Nucor","NUE","$27.53 B","$117.28","1.15%","USA"
"4745","EQT Corporation","EQT","$26.44 B","$44.32","0.32%","USA"
"3738","Estee Lauder","EL","$26.78 B","$74.62","0.51%","USA"
"1744","Broadridge Financial Solutions","BR","$26.46 B","$226.37","0.60%","USA"
"6749","Texas Pacific Land Trust","TPL","$26.30 B","$1,145","1.88%","USA"
"7739","Cenovus Energy","CVE","$26.76 B","$14.64","0.34%","Canada"
"9751","Ericsson","ERIC","$26.28 B","$8.10","0.25%","Sweden"
"8752","Fortive","FTV","$26.24 B","$75.65","0.20%","USA"
"28756","Li Auto","LI","$26.04 B","$25.49","0.67%","China"
"6764","Dover","DOV","$25.83 B","$188.33","1.35%","USA"
"9768","T. Rowe Price","TROW","$25.69 B","$115.67","1.62%","USA"
"15769","Zoom","ZM","$25.69 B","$83.82","1.90%","USA"
"2773","Veralto","VLTO","$25.50 B","$103.12","0.72%","USA"
"2759","Church & Dwight","CHD","$25.95 B","$105.94","0.75%","USA"
"6757","Mettler-Toledo","MTD","$26.04 B","$1,234","0.89%","USA"
"8760","Wheaton Precious Metals","WPM","$25.95 B","$57.06","0.59%","Canada"
"5770","Synchrony","SYF","$25.66 B","$65.92","1.33%","USA"
"9765","Teva Pharmaceutical Industries","TEVA","$25.79 B","$22.77","0.66%","Israel"
"10771","Warner Bros. Discovery","WBD","$25.53 B","$10.61","0.09%","USA"
"20783","Carvana","CVNA","$25.15 B","$215.09","4.00%","USA"
"1785","DTE Energy","DTE","$25.13 B","$121.35","0.21%","USA"
"2795","CGI","GIB","$24.72 B","$109.87","0.43%","Canada"
"11793","Samsara","IOT","$24.92 B","$44.42","2.50%","USA"
"5784","NVR","NVR","$25.14 B","$8,208","0.43%","USA"
"3794","LPL Financial","LPLA","$24.85 B","$331.92","1.19%","USA"
"17786","Tyler Technologies","TYL","$25.12 B","$587.10","0.97%","USA"
"11681","Brown & Brown","BRO","$29.42 B","$102.89","0.82%","USA"
"802","American Water Works","AWK","$24.41 B","$125.29","0.69%","USA"
"13680","First Citizens BancShares","FCNCA","$29.44 B","$2,132","0.96%","USA"
"814","LyondellBasell","LYB","$24.07 B","$74.14","0.28%","USA"
"4812","Nokia","NOK","$24.13 B","$4.48","0.22%","Finland"
"7811","West Pharmaceutical","WST","$24.13 B","$333.22","0.06%","USA"
"3804","GlobalFoundries","GFS","$24.41 B","$44.18","0.81%","USA"
"5761","Cheniere Energy
Partners","CQP","$25.89 B","$53.49","0.00%","USA"
"3797","Ventas","VTR","$24.70 B","$58.89","0.83%","USA"
"6815","Ameren","AEE","$24.05 B","$90.12","0.63%","USA"
"1816","PPL","PPL","$23.99 B","$32.52","0.31%","USA"
"2805","ORIX","IX","$24.38 B","$106.93","0.34%","Japan"
"5821","Philips","PHG","$23.82 B","$25.57","0.78%","Netherlands"
"823","Huntington Bancshares","HBAN","$23.79 B","$16.38","0.85%","USA"
"6825","NetApp","NTAP","$23.77 B","$116.96","1.17%","USA"
"7824","Corpay","CPAY","$23.78 B","$341.23","1.17%","USA"
"2842","Telefónica","TEF","$23.06 B","$4.05","0.50%","Spain"
"1830","Halliburton","HAL","$23.53 B","$26.79","0.04%","USA"
"13819","Expedia Group","EXPE","$23.88 B","$186.11","2.11%","USA"
"4833","CDW Corporation","CDW","$23.42 B","$175.81","0.74%","USA"
"10845","Cameco","CCJ","$22.90 B","$52.49","0.13%","Canada"
"2820","Ryanair","RYAAY","$23.83 B","$44.07","0.34%","Ireland"
"10840","Formula One Group","FWONK","$23.10 B","$93.92","1.41%","USA"
"5846","Williams-Sonoma","WSM","$22.90 B","$186.05","0.84%","USA"
"6827","TPG Capital","TPG","$23.68 B","$63.99","1.57%","USA"
"5856","Rollins","ROL","$22.60 B","$46.68","0.36%","USA"
"6844","Brookfield Asset Management","BAM","$23.00 B","$54.64","1.32%","Canada"
"2848","STMicroelectronics","STM","$22.88 B","$25.48","0.20%","Switzerland"
"10852","Hubbell","HUBB","$22.70 B","$423.11","1.71%","USA"
"4850","Franco-Nevada","FNV","$22.83 B","$118.63","0.31%","Canada"
"2849","FirstEnergy","FE","$22.86 B","$39.67","0.33%","USA"
"2858","Cincinnati Financial","CINF","$22.51 B","$144.05","0.87%","USA"
"4862","W. R. Berkley","WRB","$22.47 B","$58.97","0.42%","USA"
"6863","PulteGroup","PHM","$22.46 B","$109.52","1.02%","USA"
"6866","Markel","MKL","$22.38 B","$1,740","0.67%","USA"
"13865","Astera Labs","ALAB","$22.44 B","$141.53","2.94%","USA"
"6864","ASE Group","ASX","$22.45 B","$10.34","0.39%","Taiwan"
"3809","Archer Daniels Midland (ADM)","ADM","$24.20 B","$50.58","0.06%","USA"
"16882","Biogen","BIIB","$22.04 B","$151.31","0.94%","USA"
"6879","KE Holdings","BEKE","$22.12 B","$18.49","0.16%","China"
"3881","Rocket Companies","RKT","$22.05 B","$11.10","0.89%","USA"
"5885","Teledyne","TDY","$21.97 B","$471.44","1.08%","USA"
"8890","Nutrien","NTR","$21.92 B","$44.31","0.25%","Canada"
"5876","PTC","PTC","$22.16 B","$184.50","0.76%","USA"
"15870","Waters Corporation","WAT","$22.24 B","$374.60","0.58%","USA"
"9883","Darden Restaurants","DRI","$22.04 B","$187.58","0.57%","USA"
"8887","Fox Corporation","FOX","$21.93 B","$46.63","0.62%","USA"
"2894","Vodafone","VOD","$21.74 B","$8.43","0.12%","UK"
"8897","KB Financial Group","KB","$21.70 B","$57.70","1.06%","S. Korea"
"5899","International Flavors & Fragrances","IFF","$21.62 B","$84.59","0.40%","USA"
"7892","SBA Communications","SBAC","$21.84 B","$203.20","0.39%","USA"
"10880","Lennox","LII","$22.08 B","$620.03","1.53%","USA"
"5906","Illumina","ILMN","$21.45 B","$135.27","0.23%","USA"
"1907","Pembina Pipeline","PBA","$21.44 B","$36.56","0.03%","Canada"
"13889","Erie Indemnity","ERIE","$21.92 B","$419.32","1.14%","USA"
"5908","Toast","TOST","$21.30 B","$37.50","1.78%","USA"
"1898","Atmos Energy","ATO","$21.65 B","$139.36","0.46%","USA"
"914","Prudential","PUK","$21.12 B","$15.96","1.12%","UK"
"1911","Natera","NTRA","$21.15 B","$160.26","0.39%","USA"
"1901","Regions Financial","RF","$21.57 B","$23.74","1.04%","USA"
"2921","CenterPoint Energy","CNP","$20.99 B","$32.21","0.49%","USA"
"924","Teradyne","TER","$20.93 B","$128.54","1.76%","USA"
"3928","BCE","BCE","$20.73 B","$22.66","0.92%","Canada"
"5932","McCormick & Company","MKC","$20.67 B","$77.05","1.00%","USA"
"9922","Western Digital","WDC","$20.98 B","$60.70","1.64%","USA"
"1942","Northern Trust","NTRS","$20.58 B","$103.83","0.79%","USA"
"5933","Check Point Software","CHKP","$20.66 B","$187.90","1.56%","Israel"
"1923","Teck Resources","TECK","$20.95 B","$40.81","0.73%","Canada"
"2913","Emcor","EME","$21.13 B","$459.38","1.54%","USA"
"3918","Eversource Energy","ES","$21.00 B","$57.32","0.03%","USA"
"3934","Tyson Foods","TSN","$20.64 B","$57.97","0.19%","USA"
"7925","Fortis","FTS","$20.91 B","$41.88","0.05%","Canada"
"8944","Steris","STE","$20.52 B","$207.98","0.35%","Ireland"
"14947","ULTA Beauty","ULTA","$20.50 B","$442.15","0.91%","USA"
"909","Zimmer Biomet","ZBH","$21.27 B","$106.87","0.35%","USA"
"11927","Pure Storage","PSTG","$20.76 B","$63.65","2.68%","USA"
"10950","Tenaris","TS","$20.45 B","$37.70","0.50%","Luxembourg"
"3948","Devon Energy","DVN","$20.49 B","$31.20","0.29%","USA"
"10939","Ubiquiti","UI","$20.60 B","$340.81","3.76%","USA"
"8955","Weyerhaeuser","WY","$20.33 B","$27.99","0.64%","USA"
"11953","Southwest Airlines","LUV","$20.41 B","$34.04","0.44%","USA"
"6960","Telus","TU","$20.12 B","$13.49","1.10%","Canada"
"19963","Affirm","AFRM","$20.07 B","$64.64","3.31%","USA"
"3959","Clorox","CLX","$20.17 B","$163.00","0.59%","USA"
"13954","Packaging Corporation of America","PKG","$20.39 B","$227.09","1.03%","USA"
"7970","Pinterest","PINS","$19.97 B","$29.56","1.20%","USA"
"11964","Zebra Technologies","ZBRA","$20.06 B","$389.07","1.96%","USA"
"4968","CMS Energy","CMS","$20.03 B","$67.06","0.16%","USA"
"11976","Tencent Music","TME","$19.74 B","$11.72","1.68%","China"
"8972","InterContinental Hotels Group","IHG","$19.92 B","$126.35","0.34%","UK"
"7974","BeiGene","BGNE","$19.78 B","$181.89","1.51%","China"
"10982","VeriSign","VRSN","$19.59 B","$203.95","0.60%","USA"
"2979","Invitation Homes","INVH","$19.66 B","$32.10","0.59%","USA"
"3986","First Solar","FSLR","$19.55 B","$182.63","0.59%","USA"
"3995","LabCorp","LH","$19.27 B","$230.43","0.27%","USA"
"1000","YPF 
 (Yacimientos Petrolíferos Fiscales)","YPF","$19.13 B","$42.64","0.98%","Argentina"
"3994","Leidos","LDOS","$19.27 B","$144.49","0.84%","USA"
"15999","Viking Holdings","VIK","$19.16 B","$44.41","2.72%","Bermuda"
"13992","Grab Holdings","GRAB","$19.36 B","$4.81","3.02%","Singapore"
"1998","Citizens Financial Group","CFG","$19.22 B","$43.62","0.64%","USA"
"41008","International Paper","IP","$18.93 B","$54.49","1.30%","USA"
"141003","MongoDB","MDB","$19.09 B","$238.35","2.11%","USA"
"5981","Watsco","WSO","$19.64 B","$479.95","1.56%","USA"
"11007","Essex Property Trust","ESS","$18.94 B","$284.43","1.14%","USA"
"1011","SS&C Technologies","SSNC","$18.85 B","$76.11","1.08%","USA"
"291004","Dick's Sporting Goods","DKS","$19.07 B","$234.07","0.42%","USA"
"51015","Banco Bradesco","BBD","$18.76 B","$1.90","1.04%","Brazil"
"81013","DocuSign","DOCU","$18.78 B","$93.00","2.89%","USA"
"131027","Burlington Stores","BURL","$18.53 B","$292.00","1.03%","USA"
"141026","Yum China","YUMC","$18.55 B","$49.10","1.39%","China"
"131031","Seagate Technology","STX","$18.48 B","$87.39","1.14%","Ireland"
"541018","Supermicro","SMCI","$18.72 B","$31.98","5.22%","USA"
"11028","DraftKings","DKNG","$18.49 B","$37.92","1.40%","USA"
"91032","FactSet","FDS","$18.48 B","$486.56","1.03%","USA"
"111042","TransUnion","TRU","$18.26 B","$93.69","1.28%","USA"
"191045","Brown Forman","BF-A","$18.20 B","$38.20","2.03%","USA"
"41040","Loews Corporation","L","$18.33 B","$84.68","0.68%","USA"
"111024","Insulet","PODD","$18.59 B","$265.12","0.21%","USA"
"81046","Carlyle Group","CG","$18.19 B","$50.87","2.14%","USA"
"61047","Coterra Energy","CTRA","$18.14 B","$24.64","0.24%","USA"
"21036","Cooper Companies","COO","$18.42 B","$92.34","0.29%","USA"
"111035","Snap","SNAP","$18.43 B","$10.99","1.88%","USA"
"61034","Mid-America Apartment Communities","MAA","$18.44 B","$153.75","0.95%","USA"
"11055","Zillow","Z","$17.93 B","$76.18","1.05%","USA"
"21050","Snap-on","SNA","$18.03 B","$343.55","0.90%","USA"
"131012","Best Buy","BBY","$18.82 B","$88.03","1.50%","USA"
"21048","AerCap","AER","$18.11 B","$95.49","0.02%","Ireland"
"11052","ArcelorMittal","MT","$17.99 B","$23.14","0.39%","Luxembourg"
"81054","On Holding","ONON","$17.98 B","$55.63","1.35%","Switzerland"
"21066","ICON plc","ICLR","$17.52 B","$212.29","0.72%","Ireland"
"71023","NRG Energy","NRG","$18.62 B","$91.95","0.96%","USA"
"11065","GFL Environmental","GFL","$17.54 B","$44.59","0.56%","Canada"
"11062","Steel Dynamics","STLD","$17.62 B","$115.77","1.13%","USA"
"11057","Principal","PFG","$17.77 B","$77.71","0.80%","USA"
"31073","Trimble","TRMB","$17.38 B","$71.20","1.52%","USA"
"21078","J. B. Hunt","JBHT","$17.34 B","$172.01","0.00%","USA"
"11076","Nomura Holdings","NMR","$17.35 B","$5.86","0.00%","Japan"
"81079","SoFi","SOFI","$17.34 B","$15.98","3.73%","USA"
"131074","Coca-Cola FEMSA","KOF","$17.38 B","$78.77","0.05%","Mexico"
"61085","KeyCorp (KeyBank)","KEY","$17.05 B","$17.20","1.09%","USA"
"81082","Alexandria Real Estate Equities","ARE","$17.18 B","$98.35","1.29%","USA"
"81068","Hormel Foods","HRL","$17.48 B","$31.85","0.54%","USA"
"11088","Quest Diagnostics","DGX","$17.03 B","$152.63","0.25%","USA"
"21086","Gen Digital","GEN","$17.04 B","$27.65","0.75%","USA"
"71091","Omnicom","OMC","$16.98 B","$86.49","1.08%","USA"
"31096","Carlisle Companies","CSL","$16.86 B","$371.99","1.64%","USA"
"11083","NiSource","NI","$17.15 B","$36.76","0.24%","USA"
"171099","Manhattan Associates","MANH","$16.80 B","$275.19","1.47%","USA"
"81092","Corebridge Financial","CRBG","$16.96 B","$30.02","0.73%","USA"
"181104","Nutanix","NTNX","$16.75 B","$62.53","1.79%","USA"
"161108","Telkom Indonesia","TLK","$16.71 B","$16.59","1.10%","Indonesia"
"61103","Ritchie Bros. Auctioneers","RBA","$16.75 B","$90.85","0.68%","Canada"
"71110","Pentair","PNR","$16.71 B","$101.14","1.28%","UK"
"141111","Shinhan Financial Group","SHG","$16.70 B","$33.18","1.43%","S. Korea"
"181112","Builders FirstSource","BLDR","$16.69 B","$145.08","2.09%","USA"
"91101","Twilio","TWLO","$16.76 B","$109.29","1.97%","USA"
"11105","Jacobs Engineering","J","$16.75 B","$135.07","0.86%","USA"
"141114","Dollar General","DG","$16.69 B","$75.89","0.34%","USA"
"11102","Ryan Specialty Group","RYAN","$16.75 B","$63.99","0.64%","USA"
"91116","Ball Corporation","BALL","$16.66 B","$55.83","0.64%","USA"
"31123","Hologic","HOLX","$16.47 B","$72.60","0.17%","USA"
"121129","Sun Communities","SUI","$16.39 B","$123.66","0.88%","USA"
"91120","Rogers Communication","RCI","$16.52 B","$30.36","0.95%","Canada"
"11109","Molina Healthcare","MOH","$16.71 B","$292.18","0.68%","USA"
"1113","United Microelectronics","UMC","$16.69 B","$6.64","0.45%","Taiwan"
"71130","News Corp","NWS","$16.37 B","$30.78","1.03%","USA"
"241131","Dollar Tree","DLTR","$16.34 B","$75.99","0.26%","USA"
"1132","Dynatrace","DT","$16.32 B","$54.69","0.74%","USA"
"21118","Booz Allen Hamilton","BAH","$16.56 B","$129.65","0.58%","USA"
"51145","United Therapeutics","UTHR","$16.07 B","$359.96","1.14%","USA"
"11140","Jefferies Financial Group","JEF","$16.20 B","$78.85","1.19%","USA"
"31136","Genuine Parts Company","GPC","$16.26 B","$116.96","0.35%","USA"
"41134","Jabil","JBL","$16.29 B","$145.92","1.17%","USA"
"111135","Warner Music Group","WMG","$16.29 B","$31.45","0.16%","USA"
"601138","Mobileye","MBLY","$16.24 B","$20.03","2.88%","Israel"
"111149","ZTO Express","ZTO","$16.02 B","$19.74","0.85%","China"
"61133","UDR Apartments","UDR","$16.30 B","$43.41","1.07%","USA"
"51154","Marathon Oil","MRO","$15.97 B","$28.55","1.28%","USA"
"71163","Masco","MAS","$15.79 B","$73.22","0.80%","USA"
"51161","CyberArk","CYBR","$15.81 B","$320.82","0.51%","Israel"
"71152","IDEX","IEX","$15.98 B","$211.11","0.88%","USA"
"171153","RPM International","RPM","$15.97 B","$124.14","1.02%","USA"
"31157","AspenTech","AZPN","$15.87 B","$251.06","0.22%","USA"
"21190","Brookfield Renewable Partners","BEP","$15.35 B","$23.06","0.26%","Bermuda"
"41179","Ecopetrol","EC","$15.52 B","$7.55","0.00%","Colombia"
"151178","Amer Sports","AS","$15.52 B","$28.42","1.29%","Finland"
"31172","AMH (American Homes 4 Rent)","AMH","$15.61 B","$37.10","0.13%","USA"
"81185","Fidelity National Financial","FNF","$15.41 B","$56.32","1.19%","USA"
"21164","Align Technology","ALGN","$15.78 B","$211.43","1.89%","USA"
"61183","Moderna","MRNA","$15.44 B","$40.13","0.74%","USA"
"81196","Flex","FLEX","$15.17 B","$39.12","1.04%","Singapore"
"151186","XPO Logistics","XPO","$15.39 B","$132.26","0.68%","USA"
"61158","US Foods","USFD","$15.87 B","$68.17","0.45%","USA"
"61182","Everest Group","EG","$15.47 B","$359.95","0.60%","Bermuda"
"121165","Kimco Realty","KIM","$15.75 B","$23.37","1.02%","USA"
"1173","Expeditors","EXPD","$15.59 B","$111.42","0.13%","USA"
"71188","Comfort Systems","FIX","$15.37 B","$432.03","1.55%","USA"
"71200","Coherent","COHR","$15.00 B","$96.99","2.62%","USA"
"11197","Avery Dennison","AVY","$15.14 B","$188.51","0.44%","USA"
"121199","Royalty Pharma","RPRX","$15.04 B","$25.54","0.55%","UK"
"61191","Tapestry","TPR","$15.35 B","$65.87","0.47%","USA"
"1195","Hyatt Hotels","H","$15.21 B","$158.46","0.65%","USA"
"41194","Alliant Energy","LNT","$15.27 B","$59.54","0.18%","USA"
"51212","Equitable Holdings","EQH","$14.88 B","$47.50","1.14%","USA"
"71189","Entegris","ENTG","$15.36 B","$101.77","0.45%","USA"
"61201","F5 Networks","FFIV","$14.98 B","$255.63","0.58%","USA"
"41215","Lineage","LINE","$14.87 B","$59.00","0.22%","USA"
"111210","Western Midstream","WES","$14.89 B","$39.13","0.28%","USA"
"41208","Baxter","BAX","$14.90 B","$29.20","0.34%","USA"
"61222","CF Industries","CF","$14.74 B","$84.75","0.40%","USA"
"41226","Westlake Chemical","WLK","$14.70 B","$114.28","0.79%","USA"
"11227","Casey's General Stores","CASY","$14.70 B","$403.98","0.37%","USA"
"41245","Skyworks Solutions","SWKS","$14.41 B","$90.15","0.30%","USA"
"101228","Brookfield Infrastructure Partners","BIP","$14.66 B","$31.64","1.03%","Bermuda"
"191229","Duolingo","DUOL","$14.66 B","$333.34","2.50%","USA"
"41218","Domino's Pizza","DPZ","$14.83 B","$429.62","0.69%","USA"
"11231","Owens Corning","OC","$14.63 B","$170.58","1.10%","USA"
"11253","Textron","TXT","$14.32 B","$77.21","0.25%","USA"
"1240","Akamai","AKAM","$14.56 B","$96.97","1.01%","USA"
"11234","Reliance","RS","$14.59 B","$269.73","0.58%","USA"
"71247","GameStop","GME","$14.38 B","$32.20","2.39%","USA"
"11248","Bentley Systems","BSY","$14.38 B","$47.58","0.11%","USA"
"1238","Morningstar","MORN","$14.57 B","$339.81","0.64%","USA"
"61256","AECOM","ACM","$14.26 B","$107.68","0.84%","USA"
"51239","Avantor","AVTR","$14.57 B","$21.41","0.33%","USA"
"121255","Guidewire Software","GWRE","$14.30 B","$171.23","1.81%","USA"
"41268","Evergy","EVRG","$14.18 B","$61.70","0.03%","USA"
"161246","Credicorp","BAP","$14.38 B","$181.12","0.87%","Bermuda"
"11269","Aptiv","APTV","$14.18 B","$60.34","0.45%","Ireland"
"111209","Viatris","VTRS","$14.89 B","$12.48","0.64%","USA"
"11284","Avangrid","AGR","$13.94 B","$36.02","0.00%","USA"
"171279","Physicians Realty Trust","DOC","$14.04 B","$20.08","0.89%","USA"
"171282","Okta","OKTA","$13.98 B","$81.64","1.66%","USA"
"181275","Neurocrine Biosciences","NBIX","$14.11 B","$139.44","0.29%","USA"
"121271","Symbotic","SYM","$14.14 B","$24.08","2.98%","USA"
"31277","CNH Industrial","CNH","$14.10 B","$11.29","0.18%","UK"
"151288","Chewy","CHWY","$13.87 B","$34.07","0.12%","USA"
"11296","Amcor","AMCR","$13.64 B","$9.44","0.21%","Switzerland"
"41286","Reinsurance Group of America","RGA","$13.92 B","$211.41","0.88%","USA"
"171285","Rivian","RIVN","$13.93 B","$13.65","2.78%","USA"
"121264","Ares Capital","ARCC","$14.22 B","$22.02","0.36%","USA"
"31297","Curtiss-Wright","CW","$13.63 B","$359.36","1.02%","USA"
"101258","Ralph Lauren","RL","$14.25 B","$229.55","0.97%","USA"
"21299","Revvity","RVTY","$13.62 B","$111.99","0.45%","USA"
"101307","EPAM Systems","EPAM","$13.52 B","$238.47","1.12%","USA"
"131311","James Hardie Industries","JHX","$13.49 B","$31.44","0.98%","Ireland"
"151312","Fresenius Medical Care","FMS","$13.47 B","$22.97","0.44%","Germany"
"291316","Dr. Reddy's","RDY","$13.46 B","$15.86","1.86%","India"
"51298","SharkNinja","SN","$13.63 B","$97.25","1.31%","USA"
"261302","Rocket Lab","RKLB","$13.60 B","$27.22","4.29%","USA"
"31322","East West Bancorp","EWBC","$13.40 B","$96.68","0.51%","USA"
"201327","Equity LifeStyle Properties","ELS","$13.33 B","$66.60","0.51%","USA"
"11324","Unum","UNM","$13.36 B","$73.19","0.79%","USA"
"51309","Regency Centers","REG","$13.50 B","$73.95","0.88%","USA"
"361320","Genmab","GMAB","$13.42 B","$21.02","2.14%","Denmark"
"171326","Incyte","INCY","$13.33 B","$69.23","0.47%","USA"
"11340","Conagra Brands","CAG","$13.20 B","$27.66","0.40%","USA"
"311319","Summit Therapeutics","SMMT","$13.42 B","$18.21","5.55%","UK"
"51360","Jack Henry & Associates","JKHY","$12.90 B","$176.88","0.35%","USA"
"291344","Boston Properties","BXP","$13.15 B","$74.61","2.13%","USA"
"201349","CAVA Group","CAVA","$13.10 B","$114.37","1.82%","USA"
"11348","CNA Financial","CNA","$13.10 B","$48.40","1.08%","USA"
"21353","FTAI Aviation","FTAI","$13.03 B","$127.11","2.10%","USA"
"31347","Gaming and Leisure Properties","GLPI","$13.12 B","$47.85","0.40%","USA"
"11354","RenaissanceRe","RNR","$13.01 B","$250.63","0.13%","Bermuda"
"31334","Performance Food Group","PFGC","$13.25 B","$85.06","0.61%","USA"
"101343","POSCO","PKX","$13.16 B","$43.37","0.76%","S. Korea"
"101363","CarMax","KMX","$12.89 B","$83.77","1.64%","USA"
"101377","Host Hotels & Resorts","HST","$12.73 B","$17.98","1.67%","USA"
"31373","Rentokil Initial","RTO","$12.74 B","$25.38","0.94%","UK"
"41390","Saia","SAIA","$12.64 B","$475.31","0.18%","USA"
"121346","POOLCORP","POOL","$13.13 B","$345.10","1.37%","USA"
"71374","BioMarin Pharmaceutical","BMRN","$12.74 B","$66.89","0.19%","USA"
"41387","Toll Brothers","TOL","$12.64 B","$126.45","1.39%","USA"
"81388","Logitech","LOGI","$12.64 B","$83.42","0.43%","Switzerland"
"91367","Sprouts Farmers Market","SFM","$12.84 B","$128.50","1.56%","USA"
"31385","DaVita","DVA","$12.65 B","$154.30","0.80%","USA"
"11395","MakeMyTrip","MMYT","$12.57 B","$114.53","1.45%","India"
"41379","Centrais Electricas Brasileiras","EBR","$12.71 B","$5.73","0.69%","Brazil"
"41384","Rubrik","RBRK","$12.66 B","$68.35","0.04%","USA"
"21407","Juniper Networks","JNPR","$12.41 B","$37.51","0.00%","USA"
"61406","Stanley Black & Decker","SWK","$12.42 B","$80.58","0.41%","USA"
"271404","Telefonica Brasil","VIV","$12.44 B","$7.63","0.49%","Brazil"
"41403","Suzano","SUZ","$12.44 B","$10.04","0.30%","Brazil"
"51402","Insmed","INSM","$12.45 B","$69.61","1.50%","USA"
"51398","Lamar Advertising","LAMR","$12.47 B","$121.92","0.89%","USA"
"131416","Ciena","CIEN","$12.31 B","$86.66","2.01%","USA"
"61399","Campbell Soup","CPB","$12.46 B","$41.81","0.22%","USA"
"61413","TechnipFMC","FTI","$12.35 B","$29.04","0.41%","UK"
"91422","BJ's Wholesale Club","BJ","$12.25 B","$92.79","1.75%","USA"
"101418","Camden Property Trust","CPT","$12.29 B","$115.23","1.01%","USA"
"41423","Houlihan Lokey","HLI","$12.22 B","$174.29","1.10%","USA"
"31409","Clean Harbors","CLH","$12.37 B","$229.57","0.76%","USA"
"11419","C. H. Robinson","CHRW","$12.28 B","$103.89","0.41%","USA"
"51427","U-Haul","UHAL","$12.15 B","$69.54","1.46%","USA"
"11426","Tenet Healthcare","THC","$12.16 B","$127.97","0.02%","USA"
"21430","Magna International","MGA","$12.13 B","$42.16","0.61%","Canada"
"41429","Texas Roadhouse","TXRH","$12.13 B","$181.86","0.37%","USA"
"11433","Gold Fields","GFI","$12.06 B","$13.39","0.67%","South Africa"
"61445","Molson Coors","TAP","$11.92 B","$57.82","0.86%","USA"
"231440","Wix.com","WIX","$11.96 B","$218.30","2.50%","Israel"
"31449","Universal Health Services","UHS","$11.90 B","$180.46","0.37%","USA"
"31434","Nordson","NDSN","$12.04 B","$211.27","0.95%","USA"
"141444","Aurora Innovation","AUR","$11.92 B","$6.94","5.45%","USA"
"31446","Paycom","PAYC","$11.91 B","$206.72","1.14%","USA"
"11441","Jones Lang LaSalle","JLL","$11.96 B","$252.11","1.05%","USA"
"51443","W. P. Carey","WPC","$11.92 B","$54.51","0.58%","USA"
"171459","Plains All American Pipeline","PAA","$11.80 B","$16.77","0.42%","USA"
"201467","AngloGold Ashanti","AU","$11.71 B","$23.27","1.57%","South Africa"
"91463","J.M. Smucker Company","SJM","$11.77 B","$110.62","0.27%","USA"
"121265","Graco","GGG","$14.20 B","$84.14","0.87%","USA"
"161468","TFI International","TFII","$11.71 B","$137.71","2.15%","Canada"
"21471","ITT","ITT","$11.69 B","$143.45","0.73%","USA"
"51472","Service Corporation International","SCI","$11.68 B","$80.76","0.31%","USA"
"11470","TKO Group","TKO","$11.69 B","$144.02","0.50%","USA"
"881475","XPeng","XPEV","$11.63 B","$12.63","4.75%","China"
"91496","American Financial Group","AFG","$11.49 B","$137.00","0.84%","USA"
"61493","Banco de Chile","BCH","$11.51 B","$22.75","0.31%","Chile"
"181488","Klaviyo","KVYO","$11.53 B","$42.77","1.38%","USA"
"91482","Bio-Techne","TECH","$11.59 B","$72.98","0.32%","USA"
"41478","Dayforce","DAY","$11.62 B","$73.72","0.58%","USA"
"1479","Sarepta Therapeutics","SRPT","$11.60 B","$121.50","1.52%","USA"
"101495","Kinross Gold","KGC","$11.50 B","$9.31","0.75%","Canada"
"321487","Albertsons","ACI","$11.54 B","$19.92","0.45%","USA"
"111489","Solventum","SOLV","$11.52 B","$66.74","0.30%","USA"
"51477","monday.com","MNDY","$11.62 B","$233.22","0.85%","Israel"
"1502","Allegion","ALLE","$11.47 B","$131.97","0.77%","Ireland"
"41506","Elbit Systems","ESLT","$11.46 B","$257.33","0.44%","Israel"
"521510","Futu Holdings","FUTU","$11.42 B","$82.83","3.83%","Hong Kong"
"11514","Globus Medical","GMED","$11.37 B","$83.56","1.02%","USA"
"111515","nVent Electric","NVT","$11.37 B","$69.03","0.83%","UK"
"371503","Full Truck Alliance","YMM","$11.47 B","$10.97","1.44%","China"
"11527","WPP","WPP","$11.23 B","$52.04","0.06%","UK"
"291530","Roku","ROKU","$11.18 B","$77.03","3.08%","USA"
"291525","Norwegian Cruise Line","NCLH","$11.32 B","$25.75","2.24%","USA"
"141513","American Airlines","AAL","$11.40 B","$17.35","0.00%","USA"
"31533","Paylocity","PCTY","$11.13 B","$199.66","0.47%","USA"
"281520","Procore","PCOR","$11.35 B","$76.36","1.98%","USA"
"121537","Birkenstock","BIRK","$11.10 B","$59.12","1.86%","Germany"
"141540","Celestica","CLS","$11.06 B","$95.10","3.21%","Canada"
"31535","Permian Resources","PR","$11.12 B","$13.85","0.14%","USA"
"271555","Smith & Nephew","SNN","$10.92 B","$24.79","1.35%","UK"
"11556","Stifel","SF","$10.91 B","$106.66","0.98%","USA"
"21544","Assurant","AIZ","$11.02 B","$215.05","0.99%","USA"
"401484","Credo Technology","CRDO","$11.58 B","$69.29","3.79%","USA"
"31551","Kinsale Capital Group","KNSL","$10.96 B","$470.68","0.15%","USA"
"341568","Instacart (Maplebear Inc.)","CART","$10.84 B","$42.20","3.48%","USA"
"21560","Pilgrim's Pride","PPC","$10.88 B","$45.92","0.66%","USA"
"11563","Ally","ALLY","$10.86 B","$35.65","1.00%","USA"
"121559","Bunge","BG","$10.90 B","$78.07","0.01%","USA"
"41582","Lincoln Electric","LECO","$10.71 B","$189.86","0.54%","USA"
"161569","Franklin Resources","BEN","$10.82 B","$20.66","1.43%","USA"
"61558","NICE","NICE","$10.90 B","$173.45","1.46%","Israel"
"111576","Pearson","PSO","$10.76 B","$16.21","0.31%","UK"
"201577","MasTec","MTZ","$10.75 B","$135.73","2.00%","USA"
"221570","Liberty Broadband","LBRDA","$10.82 B","$75.61","1.36%","USA"
"4721566","Galicia Financial Group","GGAL","$10.85 B","$64.30","0.65%","Argentina"
"1590","Exact Sciences","EXAS","$10.65 B","$57.55","0.12%","USA"
"61585","First Horizon National","FHN","$10.70 B","$20.19","1.61%","USA"
"91574","Doximity","DOCS","$10.78 B","$57.78","1.10%","USA"
"91583","Floor & Decor","FND","$10.71 B","$99.90","1.16%","USA"
"131580","SEI Investments","SEIC","$10.74 B","$83.36","0.81%","USA"
"11588","Tetra Tech","TTEK","$10.66 B","$39.83","0.97%","USA"
"1593","Annaly Capital Management","NLY","$10.61 B","$18.94","0.21%","USA"
"91591","Eastman Chemical","EMN","$10.63 B","$91.74","0.25%","USA"
"21598","Evercore","EVR","$10.58 B","$278.04","1.55%","USA"
"101597","Medpace","MEDP","$10.60 B","$341.12","0.52%","USA"
"331571","Coca-Cola Consolidated","COKE","$10.79 B","$1,232","0.79%","USA"
"21491","Catalent","CTLT","$11.52 B","$63.48","0.00%","USA"
"231607","Elastic NV","ESTC","$10.52 B","$101.52","2.03%","USA"
"311614","Huazhu Hotels","HTHT","$10.46 B","$33.41","1.76%","China"
"111606","AptarGroup","ATR","$10.52 B","$158.15","0.44%","USA"
"191616","Omega Healthcare","OHI","$10.46 B","$37.72","1.13%","USA"
"401632","Sociedad Química y Minera","SQM","$10.25 B","$37.34","0.21%","Chile"
"61630","New Oriental","EDU","$10.33 B","$63.20","1.17%","China"
"31629","MGM Resorts","MGM","$10.35 B","$34.77","0.34%","USA"
"111624","Albemarle","ALB","$10.37 B","$88.29","0.96%","USA"
"81631","BWX Technologies","BWXT","$10.28 B","$112.52","0.42%","USA"
"141628","Penske Automotive","PAG","$10.35 B","$155.14","1.15%","USA"
"181627","Antero Resources","AR","$10.36 B","$33.30","1.49%","USA"
"31625","Regal Rexnord","RRX","$10.36 B","$156.50","1.84%","USA"
"71613","Interpublic Group","IPG","$10.47 B","$28.11","1.54%","USA"
"111645","DT Midstream","DTM","$10.13 B","$99.99","0.56%","USA"
"41636","Skechers","SKX","$10.20 B","$67.61","0.46%","USA"
"91634","Murphy USA","MUSA","$10.23 B","$505.23","1.68%","USA"
"11644","Core & Main","CNM","$10.13 B","$51.03","1.10%","USA"
"41656","Essential Utilities","WTRG","$10.01 B","$36.46","0.41%","USA"
"431648","VinFast Auto","VFS","$10.10 B","$4.32","1.14%","Vietnam"
"91651","UL Solutions","ULS","$10.08 B","$50.41","1.39%","USA"
"11653","Ovintiv","OVV","$10.06 B","$38.68","0.03%","USA"
"81654","TD Synnex","SNX","$10.06 B","$118.32","1.37%","USA"
"391650","Vaxcyte","PCVX","$10.09 B","$80.97","5.61%","USA"
"21649","Woodward","WWD","$10.09 B","$169.91","1.03%","USA"
